{"cameraMode":{"drawMode":0,"name":"Shaded","section":"Shading Mode"},"sceneLighting":false,"audioPlay":false,"sceneViewState":{"m_AlwaysRefresh":false,"showFog":true,"showSkybox":true,"showFlares":true,"showImageEffects":true,"showParticleSystems":true,"showVisualEffectGraphs":true,"m_FxEnabled":true},"in2DMode":false,"pivot":{"x":638.6599731445313,"y":-35.597434997558597,"z":-146.38595581054688},"rotation":{"x":-0.006854577921330929,"y":-0.9901556372642517,"z":0.052338264882564548,"w":-0.12966077029705048},"size":217.8061065673828,"orthographic":false}